位置,发生点,赫兹,故障类,尺寸,负载,转速,采样点
第3问_CNN/inputs/48kHz_Normal_data/N_0.csv,Normal,48000,N,,0,1796,
第3问_CNN/inputs/48kHz_Normal_data/N_1_(1772rpm).csv,Normal,48000,N,,1,1772,
第3问_CNN/inputs/48kHz_Normal_data/N_2_(1750rpm).csv,Normal,48000,N,,2,1750,
第3问_CNN/inputs/48kHz_Normal_data/N_3.csv,Normal,48000,N,,3,1725,
第3问_CNN/inputs/12kHz_FE_data/B/0021/B021_0.csv,FE,12000,B,0.021,0,1796,
第3问_CNN/inputs/12kHz_FE_data/B/0021/B021_1.csv,FE,12000,B,0.021,1,1775,
第3问_CNN/inputs/12kHz_FE_data/B/0021/B021_2.csv,FE,12000,B,0.021,2,1756,
第3问_CNN/inputs/12kHz_FE_data/B/0021/B021_3.csv,FE,12000,B,0.021,3,1734,
第3问_CNN/inputs/12kHz_FE_data/B/0007/B007_0.csv,FE,12000,B,0.007,0,1798,
第3问_CNN/inputs/12kHz_FE_data/B/0007/B007_1.csv,FE,12000,B,0.007,1,1777,
第3问_CNN/inputs/12kHz_FE_data/B/0007/B007_2.csv,FE,12000,B,0.007,2,1755,
第3问_CNN/inputs/12kHz_FE_data/B/0007/B007_3.csv,FE,12000,B,0.007,3,1732,
第3问_CNN/inputs/12kHz_FE_data/B/0014/B014_0.csv,FE,12000,B,0.014,0,1796,
第3问_CNN/inputs/12kHz_FE_data/B/0014/B014_1.csv,FE,12000,B,0.014,1,1775,
第3问_CNN/inputs/12kHz_FE_data/B/0014/B014_2.csv,FE,12000,B,0.014,2,1755,
第3问_CNN/inputs/12kHz_FE_data/B/0014/B014_3.csv,FE,12000,B,0.014,3,1732,
第3问_CNN/inputs/12kHz_FE_data/IR/0021/IR021_0.csv,FE,12000,IR,0.021,0,1796,
第3问_CNN/inputs/12kHz_FE_data/IR/0021/IR021_1.csv,FE,12000,IR,0.021,1,1776,
第3问_CNN/inputs/12kHz_FE_data/IR/0021/IR021_2.csv,FE,12000,IR,0.021,2,1758,
第3问_CNN/inputs/12kHz_FE_data/IR/0021/IR021_3.csv,FE,12000,IR,0.021,3,1737,
第3问_CNN/inputs/12kHz_FE_data/IR/0007/IR007_0.csv,FE,12000,IR,0.007,0,1796,
第3问_CNN/inputs/12kHz_FE_data/IR/0007/IR007_1.csv,FE,12000,IR,0.007,1,1772,
第3问_CNN/inputs/12kHz_FE_data/IR/0007/IR007_2.csv,FE,12000,IR,0.007,2,1755,
第3问_CNN/inputs/12kHz_FE_data/IR/0007/IR007_3.csv,FE,12000,IR,0.007,3,1732,
第3问_CNN/inputs/12kHz_FE_data/IR/0014/IR014_0.csv,FE,12000,IR,0.014,0,1796,
第3问_CNN/inputs/12kHz_FE_data/IR/0014/IR014_1.csv,FE,12000,IR,0.014,1,1775,
第3问_CNN/inputs/12kHz_FE_data/IR/0014/IR014_2.csv,FE,12000,IR,0.014,2,1755,
第3问_CNN/inputs/12kHz_FE_data/IR/0014/IR014_3.csv,FE,12000,IR,0.014,3,1733,
第3问_CNN/inputs/12kHz_FE_data/OR/Orthogonal/0014/OR014@3_0.csv,FE,12000,OR,0.014,0,1796,3
第3问_CNN/inputs/12kHz_FE_data/OR/Orthogonal/0014/OR014@3_1.csv,FE,12000,OR,0.014,1,1774,3
第3问_CNN/inputs/12kHz_FE_data/OR/Orthogonal/0014/OR014@3_2.csv,FE,12000,OR,0.014,2,1752,3
第3问_CNN/inputs/12kHz_FE_data/OR/Orthogonal/0014/OR014@3_3.csv,FE,12000,OR,0.014,3,1728,3
第3问_CNN/inputs/12kHz_FE_data/OR/Orthogonal/0021/OR021@3_1.csv,FE,12000,OR,0.021,1,1773,3
第3问_CNN/inputs/12kHz_FE_data/OR/Orthogonal/0021/OR021@3_2.csv,FE,12000,OR,0.021,2,1751,3
第3问_CNN/inputs/12kHz_FE_data/OR/Orthogonal/0021/OR021@3_3.csv,FE,12000,OR,0.021,3,1728,3
第3问_CNN/inputs/12kHz_FE_data/OR/Orthogonal/0007/OR007@3_0.csv,FE,12000,OR,0.007,0,1797,3
第3问_CNN/inputs/12kHz_FE_data/OR/Orthogonal/0007/OR007@3_1.csv,FE,12000,OR,0.007,1,1776,3
第3问_CNN/inputs/12kHz_FE_data/OR/Orthogonal/0007/OR007@3_2.csv,FE,12000,OR,0.007,2,1755,3
第3问_CNN/inputs/12kHz_FE_data/OR/Orthogonal/0007/OR007@3_3.csv,FE,12000,OR,0.007,3,1733,3
第3问_CNN/inputs/12kHz_FE_data/OR/Centered/0014/OR014@6_0.csv,FE,12000,OR,0.014,0,1797,6
第3问_CNN/inputs/12kHz_FE_data/OR/Centered/0021/OR021@6_0.csv,FE,12000,OR,0.021,0,1797,6
第3问_CNN/inputs/12kHz_FE_data/OR/Centered/0007/OR007@6_0.csv,FE,12000,OR,0.007,0,1797,6
第3问_CNN/inputs/12kHz_FE_data/OR/Centered/0007/OR007@6_1.csv,FE,12000,OR,0.007,1,1776,6
第3问_CNN/inputs/12kHz_FE_data/OR/Centered/0007/OR007@6_2.csv,FE,12000,OR,0.007,2,1756,6
第3问_CNN/inputs/12kHz_FE_data/OR/Centered/0007/OR007@6_3.csv,FE,12000,OR,0.007,3,1733,6
第3问_CNN/inputs/12kHz_FE_data/OR/Opposite/0007/OR007@12_0.csv,FE,12000,OR,0.007,0,1797,12
第3问_CNN/inputs/12kHz_FE_data/OR/Opposite/0007/OR007@12_1.csv,FE,12000,OR,0.007,1,1775,12
第3问_CNN/inputs/12kHz_FE_data/OR/Opposite/0007/OR007@12_2.csv,FE,12000,OR,0.007,2,1755,12
第3问_CNN/inputs/12kHz_FE_data/OR/Opposite/0007/OR007@12_3.csv,FE,12000,OR,0.007,3,1733,12
第3问_CNN/inputs/48kHz_DE_data/B/0021/B021_0.csv,DE,48000,B,0.021,0,1797,
第3问_CNN/inputs/48kHz_DE_data/B/0021/B021_1.csv,DE,48000,B,0.021,1,1774,
第3问_CNN/inputs/48kHz_DE_data/B/0021/B021_2.csv,DE,48000,B,0.021,2,1754,
第3问_CNN/inputs/48kHz_DE_data/B/0021/B021_3.csv,DE,48000,B,0.021,3,1729,
第3问_CNN/inputs/48kHz_DE_data/B/0007/B007_0.csv,DE,48000,B,0.007,0,1796,
第3问_CNN/inputs/48kHz_DE_data/B/0007/B007_1.csv,DE,48000,B,0.007,1,1772,
第3问_CNN/inputs/48kHz_DE_data/B/0007/B007_2.csv,DE,48000,B,0.007,2,1747,
第3问_CNN/inputs/48kHz_DE_data/B/0007/B007_3.csv,DE,48000,B,0.007,3,1721,
第3问_CNN/inputs/48kHz_DE_data/B/0014/B014_0.csv,DE,48000,B,0.014,0,1797,
第3问_CNN/inputs/48kHz_DE_data/B/0014/B014_1.csv,DE,48000,B,0.014,1,1772,
第3问_CNN/inputs/48kHz_DE_data/B/0014/B014_2.csv,DE,48000,B,0.014,2,1748,
第3问_CNN/inputs/48kHz_DE_data/B/0014/B014_3.csv,DE,48000,B,0.014,3,1725,
第3问_CNN/inputs/48kHz_DE_data/IR/0021/IR021_0.csv,DE,48000,IR,0.021,0,1796,
第3问_CNN/inputs/48kHz_DE_data/IR/0021/IR021_1.csv,DE,48000,IR,0.021,1,1774,
第3问_CNN/inputs/48kHz_DE_data/IR/0021/IR021_2.csv,DE,48000,IR,0.021,2,1752,
第3问_CNN/inputs/48kHz_DE_data/IR/0021/IR021_3.csv,DE,48000,IR,0.021,3,1727,
第3问_CNN/inputs/48kHz_DE_data/IR/0007/IR007_0.csv,DE,48000,IR,0.007,0,1796,
第3问_CNN/inputs/48kHz_DE_data/IR/0007/IR007_1.csv,DE,48000,IR,0.007,1,1772,
第3问_CNN/inputs/48kHz_DE_data/IR/0007/IR007_2.csv,DE,48000,IR,0.007,2,1748,
第3问_CNN/inputs/48kHz_DE_data/IR/0007/IR007_3.csv,DE,48000,IR,0.007,3,1721,
第3问_CNN/inputs/48kHz_DE_data/IR/0014/IR014_0.csv,DE,48000,IR,0.014,0,1796,
第3问_CNN/inputs/48kHz_DE_data/IR/0014/IR014_1.csv,DE,48000,IR,0.014,1,1772,
第3问_CNN/inputs/48kHz_DE_data/IR/0014/IR014_2.csv,DE,48000,IR,0.014,2,1751,
第3问_CNN/inputs/48kHz_DE_data/IR/0014/IR014_3.csv,DE,48000,IR,0.014,3,1726,
第3问_CNN/inputs/48kHz_DE_data/OR/Orthogonal/0007/OR007@3_0.csv,DE,48000,OR,0.007,0,1797,3
第3问_CNN/inputs/48kHz_DE_data/OR/Orthogonal/0007/OR007@3_1.csv,DE,48000,OR,0.007,1,1773,3
第3问_CNN/inputs/48kHz_DE_data/OR/Orthogonal/0007/OR007@3_2.csv,DE,48000,OR,0.007,2,1750,3
第3问_CNN/inputs/48kHz_DE_data/OR/Orthogonal/0007/OR007@3_3.csv,DE,48000,OR,0.007,3,1724,3
第3问_CNN/inputs/48kHz_DE_data/OR/Orthogonal/0021/OR021@3_0.csv,DE,48000,OR,0.021,0,1796,3
第3问_CNN/inputs/48kHz_DE_data/OR/Orthogonal/0021/OR021@3_1.csv,DE,48000,OR,0.021,1,1770,3
第3问_CNN/inputs/48kHz_DE_data/OR/Orthogonal/0021/OR021@3_2.csv,DE,48000,OR,0.021,2,1746,3
第3问_CNN/inputs/48kHz_DE_data/OR/Orthogonal/0021/OR021@3_3.csv,DE,48000,OR,0.021,3,1719,3
第3问_CNN/inputs/48kHz_DE_data/OR/Centered/0014/OR014@6_0.csv,DE,48000,OR,0.014,0,1796,6
第3问_CNN/inputs/48kHz_DE_data/OR/Centered/0014/OR014@6_1.csv,DE,48000,OR,0.014,1,1772,6
第3问_CNN/inputs/48kHz_DE_data/OR/Centered/0014/OR014@6_2.csv,DE,48000,OR,0.014,2,1749,6
第3问_CNN/inputs/48kHz_DE_data/OR/Centered/0014/OR014@6_3.csv,DE,48000,OR,0.014,3,1723,6
第3问_CNN/inputs/48kHz_DE_data/OR/Centered/0021/OR021@6_0.csv,DE,48000,OR,0.021,0,1796,6
第3问_CNN/inputs/48kHz_DE_data/OR/Centered/0021/OR021@6_1.csv,DE,48000,OR,0.021,1,1771,6
第3问_CNN/inputs/48kHz_DE_data/OR/Centered/0021/OR021@6_2.csv,DE,48000,OR,0.021,2,1747,6
第3问_CNN/inputs/48kHz_DE_data/OR/Centered/0021/OR021@6_3.csv,DE,48000,OR,0.021,3,1719,6
第3问_CNN/inputs/48kHz_DE_data/OR/Centered/0007/OR007@6_0.csv,DE,48000,OR,0.007,0,1796,6
第3问_CNN/inputs/48kHz_DE_data/OR/Centered/0007/OR007@6_1.csv,DE,48000,OR,0.007,1,1774,6
第3问_CNN/inputs/48kHz_DE_data/OR/Centered/0007/OR007@6_2.csv,DE,48000,OR,0.007,2,1750,6
第3问_CNN/inputs/48kHz_DE_data/OR/Centered/0007/OR007@6_3.csv,DE,48000,OR,0.007,3,1725,6
第3问_CNN/inputs/48kHz_DE_data/OR/Opposite/0021/OR021@12_0.csv,DE,48000,OR,0.021,0,1796,12
第3问_CNN/inputs/48kHz_DE_data/OR/Opposite/0021/OR021@12_1.csv,DE,48000,OR,0.021,1,1771,12
第3问_CNN/inputs/48kHz_DE_data/OR/Opposite/0021/OR021@12_2.csv,DE,48000,OR,0.021,2,1746,12
第3问_CNN/inputs/48kHz_DE_data/OR/Opposite/0021/OR021@12_3.csv,DE,48000,OR,0.021,3,1718,12
第3问_CNN/inputs/48kHz_DE_data/OR/Opposite/0007/OR007@12_0.csv,DE,48000,OR,0.007,0,1796,12
第3问_CNN/inputs/48kHz_DE_data/OR/Opposite/0007/OR007@12_1.csv,DE,48000,OR,0.007,1,1772,12
第3问_CNN/inputs/48kHz_DE_data/OR/Opposite/0007/OR007@12_2.csv,DE,48000,OR,0.007,2,1749,12
第3问_CNN/inputs/48kHz_DE_data/OR/Opposite/0007/OR007@12_3.csv,DE,48000,OR,0.007,3,1723,12
第3问_CNN/inputs/12kHz_DE_data/IR/0007/IR007_0.csv,DE,12000,IR,0.007,0,1797,
第3问_CNN/inputs/12kHz_DE_data/IR/0007/IR007_1.csv,DE,12000,IR,0.007,1,1772,
第3问_CNN/inputs/12kHz_DE_data/IR/0007/IR007_2.csv,DE,12000,IR,0.007,2,1748,
第3问_CNN/inputs/12kHz_DE_data/IR/0007/IR007_3.csv,DE,12000,IR,0.007,3,1721,
第3问_CNN/inputs/12kHz_DE_data/IR/0014/IR014_0.csv,DE,12000,IR,0.014,0,1796,
第3问_CNN/inputs/12kHz_DE_data/IR/0014/IR014_1.csv,DE,12000,IR,0.014,1,1774,
第3问_CNN/inputs/12kHz_DE_data/IR/0014/IR014_2.csv,DE,12000,IR,0.014,2,1752,
第3问_CNN/inputs/12kHz_DE_data/IR/0014/IR014_3.csv,DE,12000,IR,0.014,3,1728,
第3问_CNN/inputs/12kHz_DE_data/IR/0021/IR021_0.csv,DE,12000,IR,0.021,0,1797,
第3问_CNN/inputs/12kHz_DE_data/IR/0021/IR021_1.csv,DE,12000,IR,0.021,1,1774,
第3问_CNN/inputs/12kHz_DE_data/IR/0021/IR021_2.csv,DE,12000,IR,0.021,2,1752,
第3问_CNN/inputs/12kHz_DE_data/IR/0021/IR021_3.csv,DE,12000,IR,0.021,3,1728,
第3问_CNN/inputs/12kHz_DE_data/IR/0028/IR028_0_(1797rpm).csv,DE,12000,IR,0.028,0,1797,
第3问_CNN/inputs/12kHz_DE_data/IR/0028/IR028_1_(1772rpm).csv,DE,12000,IR,0.028,1,1772,
第3问_CNN/inputs/12kHz_DE_data/IR/0028/IR028_2_(1750rpm).csv,DE,12000,IR,0.028,2,1750,
第3问_CNN/inputs/12kHz_DE_data/IR/0028/IR028_3_(1730rpm).csv,DE,12000,IR,0.028,3,1730,
第3问_CNN/inputs/12kHz_DE_data/OR/Orthogonal/0007/OR007@3_0.csv,DE,12000,OR,0.007,0,1797,3
第3问_CNN/inputs/12kHz_DE_data/OR/Orthogonal/0007/OR007@3_1.csv,DE,12000,OR,0.007,1,1774,3
第3问_CNN/inputs/12kHz_DE_data/OR/Orthogonal/0007/OR007@3_2.csv,DE,12000,OR,0.007,2,1751,3
第3问_CNN/inputs/12kHz_DE_data/OR/Orthogonal/0007/OR007@3_3.csv,DE,12000,OR,0.007,3,1725,3
第3问_CNN/inputs/12kHz_DE_data/OR/Orthogonal/0021/OR021@3_0.csv,DE,12000,OR,0.021,0,1796,3
第3问_CNN/inputs/12kHz_DE_data/OR/Orthogonal/0021/OR021@3_1.csv,DE,12000,OR,0.021,1,1771,3
第3问_CNN/inputs/12kHz_DE_data/OR/Orthogonal/0021/OR021@3_2.csv,DE,12000,OR,0.021,2,1747,3
第3问_CNN/inputs/12kHz_DE_data/OR/Orthogonal/0021/OR021@3_3.csv,DE,12000,OR,0.021,3,1719,3
第3问_CNN/inputs/12kHz_DE_data/OR/Centered/0014/OR014@6_0.csv,DE,12000,OR,0.014,0,1796,6
第3问_CNN/inputs/12kHz_DE_data/OR/Centered/0014/OR014@6_1.csv,DE,12000,OR,0.014,1,1772,6
第3问_CNN/inputs/12kHz_DE_data/OR/Centered/0014/OR014@6_2.csv,DE,12000,OR,0.014,2,1749,6
第3问_CNN/inputs/12kHz_DE_data/OR/Centered/0014/OR014@6_3.csv,DE,12000,OR,0.014,3,1723,6
第3问_CNN/inputs/12kHz_DE_data/OR/Centered/0021/OR021@6_0.csv,DE,12000,OR,0.021,0,1796,6
第3问_CNN/inputs/12kHz_DE_data/OR/Centered/0021/OR021@6_1.csv,DE,12000,OR,0.021,1,1771,6
第3问_CNN/inputs/12kHz_DE_data/OR/Centered/0021/OR021@6_2.csv,DE,12000,OR,0.021,2,1748,6
第3问_CNN/inputs/12kHz_DE_data/OR/Centered/0021/OR021@6_3.csv,DE,12000,OR,0.021,3,1721,6
第3问_CNN/inputs/12kHz_DE_data/OR/Centered/0007/OR007@6_0.csv,DE,12000,OR,0.007,0,1796,6
第3问_CNN/inputs/12kHz_DE_data/OR/Centered/0007/OR007@6_1.csv,DE,12000,OR,0.007,1,1773,6
第3问_CNN/inputs/12kHz_DE_data/OR/Centered/0007/OR007@6_2.csv,DE,12000,OR,0.007,2,1750,6
第3问_CNN/inputs/12kHz_DE_data/OR/Centered/0007/OR007@6_3.csv,DE,12000,OR,0.007,3,1725,6
第3问_CNN/inputs/12kHz_DE_data/OR/Opposite/0021/OR021@12_0.csv,DE,12000,OR,0.021,0,1796,12
第3问_CNN/inputs/12kHz_DE_data/OR/Opposite/0021/OR021@12_1.csv,DE,12000,OR,0.021,1,1771,12
第3问_CNN/inputs/12kHz_DE_data/OR/Opposite/0021/OR021@12_2.csv,DE,12000,OR,0.021,2,1746,12
第3问_CNN/inputs/12kHz_DE_data/OR/Opposite/0021/OR021@12_3.csv,DE,12000,OR,0.021,3,1718,12
第3问_CNN/inputs/12kHz_DE_data/OR/Opposite/0007/OR007@12_0.csv,DE,12000,OR,0.007,0,1797,12
第3问_CNN/inputs/12kHz_DE_data/OR/Opposite/0007/OR007@12_1.csv,DE,12000,OR,0.007,1,1773,12
第3问_CNN/inputs/12kHz_DE_data/OR/Opposite/0007/OR007@12_2.csv,DE,12000,OR,0.007,2,1750,12
第3问_CNN/inputs/12kHz_DE_data/OR/Opposite/0007/OR007@12_3.csv,DE,12000,OR,0.007,3,1724,12
第3问_CNN/inputs/12kHz_DE_data/B/0021/B021_0.csv,DE,12000,B,0.021,0,1796,
第3问_CNN/inputs/12kHz_DE_data/B/0021/B021_1.csv,DE,12000,B,0.021,1,1774,
第3问_CNN/inputs/12kHz_DE_data/B/0021/B021_2.csv,DE,12000,B,0.021,2,1754,
第3问_CNN/inputs/12kHz_DE_data/B/0021/B021_3.csv,DE,12000,B,0.021,3,1729,
第3问_CNN/inputs/12kHz_DE_data/B/0028/B028_0_(1797rpm).csv,DE,12000,B,0.028,0,1797,
第3问_CNN/inputs/12kHz_DE_data/B/0028/B028_1_(1772rpm).csv,DE,12000,B,0.028,1,1772,
第3问_CNN/inputs/12kHz_DE_data/B/0028/B028_2_(1750rpm).csv,DE,12000,B,0.028,2,1750,
第3问_CNN/inputs/12kHz_DE_data/B/0028/B028_3_(1730rpm).csv,DE,12000,B,0.028,3,1730,
第3问_CNN/inputs/12kHz_DE_data/B/0007/B007_0.csv,DE,12000,B,0.007,0,1796,
第3问_CNN/inputs/12kHz_DE_data/B/0007/B007_1.csv,DE,12000,B,0.007,1,1772,
第3问_CNN/inputs/12kHz_DE_data/B/0007/B007_2.csv,DE,12000,B,0.007,2,1748,
第3问_CNN/inputs/12kHz_DE_data/B/0007/B007_3.csv,DE,12000,B,0.007,3,1722,
第3问_CNN/inputs/12kHz_DE_data/B/0014/B014_0.csv,DE,12000,B,0.014,0,1796,
第3问_CNN/inputs/12kHz_DE_data/B/0014/B014_1.csv,DE,12000,B,0.014,1,1772,
第3问_CNN/inputs/12kHz_DE_data/B/0014/B014_2.csv,DE,12000,B,0.014,2,1749,
第3问_CNN/inputs/12kHz_DE_data/B/0014/B014_3.csv,DE,12000,B,0.014,3,1724,
第3问_CNN/inputs/目标域/A.csv,,32000,,,,600,
第3问_CNN/inputs/目标域/B.csv,,32000,,,,600,
第3问_CNN/inputs/目标域/C.csv,,32000,,,,600,
第3问_CNN/inputs/目标域/D.csv,,32000,,,,600,
第3问_CNN/inputs/目标域/E.csv,,32000,,,,600,
第3问_CNN/inputs/目标域/F.csv,,32000,,,,600,
第3问_CNN/inputs/目标域/G.csv,,32000,,,,600,
第3问_CNN/inputs/目标域/H.csv,,32000,,,,600,
第3问_CNN/inputs/目标域/I.csv,,32000,,,,600,
第3问_CNN/inputs/目标域/J.csv,,32000,,,,600,
第3问_CNN/inputs/目标域/K.csv,,32000,,,,600,
第3问_CNN/inputs/目标域/L.csv,,32000,,,,600,
第3问_CNN/inputs/目标域/M.csv,,32000,,,,600,
第3问_CNN/inputs/目标域/N.csv,,32000,,,,600,
第3问_CNN/inputs/目标域/O.csv,,32000,,,,600,
第3问_CNN/inputs/目标域/P.csv,,32000,,,,600,
